{
    "E": 11.28228676295838,
    "S": 9.627282757361563,
    "I": 9.034470167353678,
    "A": 7.73202163809236,
    "R": 6.98539885199123,
    "N": 6.693753629826194,
    "O": 6.6271773055003385,
    "T": 6.526211083148005,
    "L": 5.232497745376251,
    "C": 4.00984637080337,
    "D": 3.3565170037191456,
    "U": 3.3098899680653995,
    "P": 2.999515236220039,
    "M": 2.896975105491209,
    "G": 2.7992353953106974,
    "H": 2.4982647660149113,
    "B": 1.85851035867798,
    "Y": 1.61494803741495,
    "F": 1.1910945116241003,
    "K": 0.9353344004432126,
    "V": 0.920933138798258,
    "W": 0.7682640262779743,
    "Z": 0.481104442985956,
    "X": 0.2837363325731356,
    "Q": 0.16856558712291123,
    "J": 0.16616537684875213
}